217,58f712e95cea6d13af04f69d
229,58b5850e1f81ac1ef93f8a6e
303,590cd3aa3506906168f8a111
325,58b586241f81ac1ef93f94a9
345,598c7980e1e78f74fc797df5
352,59a97b5ce1e78f74fc79969e
9,58efd6a612bb131833efa896
10,595165e129488f18cacad755
11,595165e129488f18cacad755
12,592873533506906168f8bc94
13,592873533506906168f8bc94
14,5956ad3d29488f18cacade14
15,5956ad3d29488f18cacade14
16,59f0cba1e1e78f74fc79c199
17,59f0cba1e1e78f74fc79c199
18,5a0cc57de1e78f74fc79da48
19,5a0cc57de1e78f74fc79da48
24,596e25b9e1e78f74fc796aad
25,596e25b9e1e78f74fc796aad
28,593eee8d8d1a7241a72bc937
29,593eee8d8d1a7241a72bc937
30,598c5ae1e1e78f74fc797dbd
